[{"page":1,"pages":1,"per_page":5000,"total":61,"sourceid":"2","lastupdated":"2020-10-15"},[{"indicator":{"id":"SP.POP.TOTL","value":"Population, total"},"country":{"id":"IN","value":"India"},"countryiso3code":"IND","date":"2020","value":null,"unit":"","obs_status":"","decimal":0},{"indicator":{"id":"SP.POP.TOTL","value":"Population, total"},"country":{"id":"IN","value":"India"},"countryiso3code":"IND","date":"2019","value":1366417754,"unit":"","obs_status":"","decimal":0},{"indicator":{"id":"SP.POP.TOTL","value":"Population, total"},"country":{"id":"IN","value":"India"},"countryiso3code":"IND","date":"2018","value":1352617328,"unit":"","obs_status":"","decimal":0},{"indicator":{"id":"SP.POP.TOTL","value":"Population, total"},"country":{"id":"IN","value":"India"},"countryiso3code":"IND","date":"2017","value":1338658835,"unit":"","obs_status":"","decimal":0},{"indicator":{"id":"SP.POP.TOTL","value":"Population, total"},"country":{"id":"IN","value":"India"},"countryiso3code":"IND","date":"2016","value":1324509589,"unit":"","obs_status":"","decimal":0},{"indicator":{"id":"SP.POP.TOTL","value":"Population, total"},"country":{"id":"IN","value":"India"},"countryiso3code":"IND","date":"2015","value":1310152403,"unit":"","obs_status":"","decimal":0},{"indicator":{"id":"SP.POP.TOTL","value":"Population, total"},"country":{"id":"IN","value":"India"},"countryiso3code":"IND","date":"2014","value":1295604184,"unit":"","obs_status":"","decimal":0},{"indicator":{"id":"SP.POP.TOTL","value":"Population, total"},"country":{"id":"IN","value":"India"},"countryiso3code":"IND","date":"2013","value":1280846129,"unit":"","obs_status":"","decimal":0},{"indicator":{"id":"SP.POP.TOTL","value":"Population, total"},"country":{"id":"IN","value":"India"},"countryiso3code":"IND","date":"2012","value":1265782790,"unit":"","obs_status":"","decimal":0},{"indicator":{"id":"SP.POP.TOTL","value":"Population, total"},"country":{"id":"IN","value":"India"},"countryiso3code":"IND","date":"2011","value":1250288729,"unit":"","obs_status":"","decimal":0},{"indicator":{"id":"SP.POP.TOTL","value":"Population, total"},"country":{"id":"IN","value":"India"},"countryiso3code":"IND","date":"2010","value":1234281170,"unit":"","obs_status":"","decimal":0},{"indicator":{"id":"SP.POP.TOTL","value":"Population, total"},"country":{"id":"IN","value":"India"},"countryiso3code":"IND","date":"2009","value":1217726215,"unit":"","obs_status":"","decimal":0},{"indicator":{"id":"SP.POP.TOTL","value":"Population, total"},"country":{"id":"IN","value":"India"},"countryiso3code":"IND","date":"2008","value":1200669765,"unit":"","obs_status":"","decimal":0},{"indicator":{"id":"SP.POP.TOTL","value":"Population, total"},"country":{"id":"IN","value":"India"},"countryiso3code":"IND","date":"2007","value":1183209472,"unit":"","obs_status":"","decimal":0},{"indicator":{"id":"SP.POP.TOTL","value":"Population, total"},"country":{"id":"IN","value":"India"},"countryiso3code":"IND","date":"2006","value":1165486291,"unit":"","obs_status":"","decimal":0},{"indicator":{"id":"SP.POP.TOTL","value":"Population, total"},"country":{"id":"IN","value":"India"},"countryiso3code":"IND","date":"2005","value":1147609927,"unit":"","obs_status":"","decimal":0},{"indicator":{"id":"SP.POP.TOTL","value":"Population, total"},"country":{"id":"IN","value":"India"},"countryiso3code":"IND","date":"2004","value":1129623456,"unit":"","obs_status":"","decimal":0},{"indicator":{"id":"SP.POP.TOTL","value":"Population, total"},"country":{"id":"IN","value":"India"},"countryiso3code":"IND","date":"2003","value":1111523144,"unit":"","obs_status":"","decimal":0},{"indicator":{"id":"SP.POP.TOTL","value":"Population, total"},"country":{"id":"IN","value":"India"},"countryiso3code":"IND","date":"2002","value":1093317189,"unit":"","obs_status":"","decimal":0},{"indicator":{"id":"SP.POP.TOTL","value":"Population, total"},"country":{"id":"IN","value":"India"},"countryiso3code":"IND","date":"2001","value":1075000085,"unit":"","obs_status":"","decimal":0},{"indicator":{"id":"SP.POP.TOTL","value":"Population, total"},"country":{"id":"IN","value":"India"},"countryiso3code":"IND","date":"2000","value":1056575549,"unit":"","obs_status":"","decimal":0},{"indicator":{"id":"SP.POP.TOTL","value":"Population, total"},"country":{"id":"IN","value":"India"},"countryiso3code":"IND","date":"1999","value":1038058156,"unit":"","obs_status":"","decimal":0},{"indicator":{"id":"SP.POP.TOTL","value":"Population, total"},"country":{"id":"IN","value":"India"},"countryiso3code":"IND","date":"1998","value":1019483581,"unit":"","obs_status":"","decimal":0},{"indicator":{"id":"SP.POP.TOTL","value":"Population, total"},"country":{"id":"IN","value":"India"},"countryiso3code":"IND","date":"1997","value":1000900030,"unit":"","obs_status":"","decimal":0},{"indicator":{"id":"SP.POP.TOTL","value":"Population, total"},"country":{"id":"IN","value":"India"},"countryiso3code":"IND","date":"1996","value":982365243,"unit":"","obs_status":"","decimal":0},{"indicator":{"id":"SP.POP.TOTL","value":"Population, total"},"country":{"id":"IN","value":"India"},"countryiso3code":"IND","date":"1995","value":963922588,"unit":"","obs_status":"","decimal":0},{"indicator":{"id":"SP.POP.TOTL","value":"Population, total"},"country":{"id":"IN","value":"India"},"countryiso3code":"IND","date":"1994","value":945601831,"unit":"","obs_status":"","decimal":0},{"indicator":{"id":"SP.POP.TOTL","value":"Population, total"},"country":{"id":"IN","value":"India"},"countryiso3code":"IND","date":"1993","value":927403860,"unit":"","obs_status":"","decimal":0},{"indicator":{"id":"SP.POP.TOTL","value":"Population, total"},"country":{"id":"IN","value":"India"},"countryiso3code":"IND","date":"1992","value":909307016,"unit":"","obs_status":"","decimal":0},{"indicator":{"id":"SP.POP.TOTL","value":"Population, total"},"country":{"id":"IN","value":"India"},"countryiso3code":"IND","date":"1991","value":891273209,"unit":"","obs_status":"","decimal":0},{"indicator":{"id":"SP.POP.TOTL","value":"Population, total"},"country":{"id":"IN","value":"India"},"countryiso3code":"IND","date":"1990","value":873277798,"unit":"","obs_status":"","decimal":0},{"indicator":{"id":"SP.POP.TOTL","value":"Population, total"},"country":{"id":"IN","value":"India"},"countryiso3code":"IND","date":"1989","value":855334678,"unit":"","obs_status":"","decimal":0},{"indicator":{"id":"SP.POP.TOTL","value":"Population, total"},"country":{"id":"IN","value":"India"},"countryiso3code":"IND","date":"1988","value":837468930,"unit":"","obs_status":"","decimal":0},{"indicator":{"id":"SP.POP.TOTL","value":"Population, total"},"country":{"id":"IN","value":"India"},"countryiso3code":"IND","date":"1987","value":819682102,"unit":"","obs_status":"","decimal":0},{"indicator":{"id":"SP.POP.TOTL","value":"Population, total"},"country":{"id":"IN","value":"India"},"countryiso3code":"IND","date":"1986","value":801975244,"unit":"","obs_status":"","decimal":0},{"indicator":{"id":"SP.POP.TOTL","value":"Population, total"},"country":{"id":"IN","value":"India"},"countryiso3code":"IND","date":"1985","value":784360008,"unit":"","obs_status":"","decimal":0},{"indicator":{"id":"SP.POP.TOTL","value":"Population, total"},"country":{"id":"IN","value":"India"},"countryiso3code":"IND","date":"1984","value":766833410,"unit":"","obs_status":"","decimal":0},{"indicator":{"id":"SP.POP.TOTL","value":"Population, total"},"country":{"id":"IN","value":"India"},"countryiso3code":"IND","date":"1983","value":749428958,"unit":"","obs_status":"","decimal":0},{"indicator":{"id":"SP.POP.TOTL","value":"Population, total"},"country":{"id":"IN","value":"India"},"countryiso3code":"IND","date":"1982","value":732239504,"unit":"","obs_status":"","decimal":0},{"indicator":{"id":"SP.POP.TOTL","value":"Population, total"},"country":{"id":"IN","value":"India"},"countryiso3code":"IND","date":"1981","value":715384993,"unit":"","obs_status":"","decimal":0},{"indicator":{"id":"SP.POP.TOTL","value":"Population, total"},"country":{"id":"IN","value":"India"},"countryiso3code":"IND","date":"1980","value":698952844,"unit":"","obs_status":"","decimal":0},{"indicator":{"id":"SP.POP.TOTL","value":"Population, total"},"country":{"id":"IN","value":"India"},"countryiso3code":"IND","date":"1979","value":682995354,"unit":"","obs_status":"","decimal":0},{"indicator":{"id":"SP.POP.TOTL","value":"Population, total"},"country":{"id":"IN","value":"India"},"countryiso3code":"IND","date":"1978","value":667499806,"unit":"","obs_status":"","decimal":0},{"indicator":{"id":"SP.POP.TOTL","value":"Population, total"},"country":{"id":"IN","value":"India"},"countryiso3code":"IND","date":"1977","value":652408776,"unit":"","obs_status":"","decimal":0},{"indicator":{"id":"SP.POP.TOTL","value":"Population, total"},"country":{"id":"IN","value":"India"},"countryiso3code":"IND","date":"1976","value":637630087,"unit":"","obs_status":"","decimal":0},{"indicator":{"id":"SP.POP.TOTL","value":"Population, total"},"country":{"id":"IN","value":"India"},"countryiso3code":"IND","date":"1975","value":623102897,"unit":"","obs_status":"","decimal":0},{"indicator":{"id":"SP.POP.TOTL","value":"Population, total"},"country":{"id":"IN","value":"India"},"countryiso3code":"IND","date":"1974","value":608802600,"unit":"","obs_status":"","decimal":0},{"indicator":{"id":"SP.POP.TOTL","value":"Population, total"},"country":{"id":"IN","value":"India"},"countryiso3code":"IND","date":"1973","value":594770134,"unit":"","obs_status":"","decimal":0},{"indicator":{"id":"SP.POP.TOTL","value":"Population, total"},"country":{"id":"IN","value":"India"},"countryiso3code":"IND","date":"1972","value":581087256,"unit":"","obs_status":"","decimal":0},{"indicator":{"id":"SP.POP.TOTL","value":"Population, total"},"country":{"id":"IN","value":"India"},"countryiso3code":"IND","date":"1971","value":567868018,"unit":"","obs_status":"","decimal":0},{"indicator":{"id":"SP.POP.TOTL","value":"Population, total"},"country":{"id":"IN","value":"India"},"countryiso3code":"IND","date":"1970","value":555189792,"unit":"","obs_status":"","decimal":0},{"indicator":{"id":"SP.POP.TOTL","value":"Population, total"},"country":{"id":"IN","value":"India"},"countryiso3code":"IND","date":"1969","value":543084336,"unit":"","obs_status":"","decimal":0},{"indicator":{"id":"SP.POP.TOTL","value":"Population, total"},"country":{"id":"IN","value":"India"},"countryiso3code":"IND","date":"1968","value":531513824,"unit":"","obs_status":"","decimal":0},{"indicator":{"id":"SP.POP.TOTL","value":"Population, total"},"country":{"id":"IN","value":"India"},"countryiso3code":"IND","date":"1967","value":520400576,"unit":"","obs_status":"","decimal":0},{"indicator":{"id":"SP.POP.TOTL","value":"Population, total"},"country":{"id":"IN","value":"India"},"countryiso3code":"IND","date":"1966","value":509631500,"unit":"","obs_status":"","decimal":0},{"indicator":{"id":"SP.POP.TOTL","value":"Population, total"},"country":{"id":"IN","value":"India"},"countryiso3code":"IND","date":"1965","value":499123324,"unit":"","obs_status":"","decimal":0},{"indicator":{"id":"SP.POP.TOTL","value":"Population, total"},"country":{"id":"IN","value":"India"},"countryiso3code":"IND","date":"1964","value":488848135,"unit":"","obs_status":"","decimal":0},{"indicator":{"id":"SP.POP.TOTL","value":"Population, total"},"country":{"id":"IN","value":"India"},"countryiso3code":"IND","date":"1963","value":478825608,"unit":"","obs_status":"","decimal":0},{"indicator":{"id":"SP.POP.TOTL","value":"Population, total"},"country":{"id":"IN","value":"India"},"countryiso3code":"IND","date":"1962","value":469077190,"unit":"","obs_status":"","decimal":0},{"indicator":{"id":"SP.POP.TOTL","value":"Population, total"},"country":{"id":"IN","value":"India"},"countryiso3code":"IND","date":"1961","value":459642165,"unit":"","obs_status":"","decimal":0},{"indicator":{"id":"SP.POP.TOTL","value":"Population, total"},"country":{"id":"IN","value":"India"},"countryiso3code":"IND","date":"1960","value":450547679,"unit":"","obs_status":"","decimal":0}]]